,label,centroid-0,centroid-1
0,1,575.1379035732801,759.9890258907501
1,2,367.0,1476.0
2,3,794.8185998602067,1100.6900268550196
3,4,944.0483863531581,1280.164223144306
