,label,centroid-0,centroid-1
0,1,598.0221484522741,788.3883121972559
1,2,14.49705882352941,333.5864705882353
2,3,5.170329670329671,406.18498168498166
3,4,1107.1077147016013,1580.1484716157206
